source,rank,title
誠品,1,"攔截胰臟癌: 破解癌王無聲警報, 及早攔截沉默殺手"
誠品,2,"99%的人輸在不會表達: 話說對了, 事就成了。公司裡該怎麼說話? 麻煩就沒了。"
誠品,3,隨他們去: 改變數百萬人命運的心理技巧 (誠品獨家版/附自在人生語錄卡)
誠品,4,神樂鉢 11 (首刷限定版)
誠品,5,"我們差點忘了相愛: 從備孕、生產到育兒, 心理師爸爸寫下那些疲憊卻依然相愛的日子 (作者親簽版/附給準爸媽的30個溫柔練習)"
誠品,6,"AI科技演化時代, 人往哪裡去? 面對第三次哥白尼革命的省思"
誠品,7,奇蹟男孩 (暢銷十周年增訂版)
誠品,8,新日檢完勝500題N3: 文字．語彙．文法
博客來,1,臺灣漫遊錄
博客來,2,鏈鋸人 (首刷限定版) 23
博客來,3,唯紅花綻放:習近平時代的認同與歸屬
博客來,4,去家庭餐廳吧。 (首刷限定版) 下
博客來,5,隨他們去：全球熱銷突破1000萬冊現象級巨作！改變千萬人命運的心理技巧【博客來獨家版．附內在覺醒影響力躍昇卡】
博客來,6,烙印勇士 (首刷限定版) 43
博客來,7,全新！新制多益 TOEIC 單字大全 ：備考多益唯一推薦權威單字書！不論題型如何變化，內容持續更新，常考字彙表達完全掌握，準確度最高！（附音檔下載QR碼）
博客來,8,Rewire-神經可塑性：用神經科學突破行為模式迴圈，終結焦慮、恐慌和憂鬱，實現最佳的心理健康
博客來,9,惡靈剋星 (首刷限定版) 7
博客來,10,躲在超市後門抽菸的兩人 (特裝版) 8
博客來,11,納瓦爾寶典珍藏版：從白手起家到財務自由，矽谷傳奇創投家的投資哲學與人生智慧
博客來,12,花錢的藝術：打造富足人生的金錢心理學【博客來獨家附贈財富透析．互動金句透卡】
博客來,13,"解憂雜貨店【50萬冊紀念愛藏版】：感動全球1,400 萬人的奇蹟之書，東野圭吾最令人感動落淚的作品！（附首刷限定特典「經典封面集錦明信片」）"
博客來,14,請允許我們身後財產自主：當親情不再可靠， 如何把財富留給真正值得的人
博客來,15,后宮的Ω王子 雪花之章 (首刷限定版) 全
博客來,16,最新！新制多益TOEIC聽力／閱讀題庫解析【博客來獨家套書】：最新收錄精準 10 回模擬試題！完整反映命題趨勢、大幅提升應考能力！（附2 MP3光碟＋音檔下載QR碼）
博客來,17,馬斯克寶典【博客來獨家贈送｜馬斯克「極限思維」火箭升空桌面立牌】：從顛覆矽谷到打造太空帝國，讀懂全球
博客來,18,高飛人生：從華航基層到董事長，46年台灣航空實戰經驗，淬鍊出的經營智慧、決策視野與人生格局
博客來,19,薰香花朵凛然綻放 (首刷限定版) 21
博客來,20,財富階梯：（《持續買進》作者新作）資料科學家為你打造，適用人生各階段的致富策略
博客來,21,Gemini 投資理財全攻略：小資族看過來！完全零門檻的 AI 智慧選股×財報分析×資金管理
博客來,22,鏈鋸人 23
博客來,23,擺脫憂鬱症：12堂從理解、陪伴到療癒的心理修復課
博客來,24,GRAND BLUE碧藍之海 25
博客來,25,難以承受的悸動是戀愛嗎？ 6
博客來,26,我內心的糟糕念頭 (首刷限定版) 13
博客來,27,澈底對你成癮 (首刷限定版) III
博客來,28,神樂鉢 (首刷限定版) 10
博客來,29,隨他們去：全球熱銷突破1000萬冊現象級巨作！改變千萬人命運的心理技巧【附放下執念明信片】
博客來,30,抄寫英語的奇蹟：1天10分鐘，英語和人生都起飛
博客來,31,白夜行（經典單冊回歸版）
博客來,32,原子習慣：細微改變帶來巨大成就的實證法則
博客來,33,在看板對面，聽見人生：方念華
博客來,34,窮查理的普通常識（紀念典藏版）：巴菲特50年智慧合夥人查理．蒙格的人生哲學
博客來,35,【旅行特別版】蛤蟆先生去看心理師（暢銷500萬冊！英國心理諮商經典，附《蛤蟆先生旅遊去萬用卡片》）
博客來,36,少女漫畫無法實現的戀情 1
博客來,37,魔法抱抱【情緒管理】（理解並安撫孩子的壞情緒）
博客來,38,排球少年!!REMIX版 (首刷附錄版) 3
博客來,39,ONE PIECE航海王 (首刷限定版) 114
博客來,40,嫌疑犯X的獻身【15週年紀念全新譯本】
博客來,41,倒數心動殺機 1 首刷限定版
博客來,42,高功能倖存者：如果不「有用」，我還值得被愛嗎？
博客來,43,台灣的李登輝時代：意外國度的重塑
博客來,44,厭世的人請來泰國
博客來,45,律師帶你看校園大小事2：老師必知的33個法律問題
博客來,46,吃佛：從一座城市窺見西藏的劫難與求生
博客來,47,攔截胰臟癌：破解癌王無聲警報，及早攔截沉默殺手
博客來,48,冰之城牆 7
博客來,49,渣男椎名學長與瘋男佐佐木學弟 (3) （完）
博客來,50,16647（2）【特裝版】
博客來,51,烈愛對決【博客來獨家對決版】（現象級同名電視劇原著小說 全球冰球羅曼史狂潮代表作）
博客來,52,金剛經白話講座：放下的人生修行
博客來,53,致富：21天建立吸引財富的習慣【博客來獨家贈有求必應財富貼紙/《祕密》作者最新公開】
博客來,54,致富心態（全球暢銷千萬增訂版）：關於財富、貪婪與幸福的20堂理財課
博客來,55,不識鄰座貓咪和戀愛情感 (首刷限定版) 4
博客來,56,通靈藥師的處方箋：16個人與靈的真實互動，那些來不及說的、當時沒做的、至今想不通的，未解與無解，通靈藥師給出處方
博客來,57,出陣：從跳陣頭到世界麵包冠軍，王鵬傑的翻轉之路
博客來,58,#辣妹與辣妹的百合 (首刷限定版) 1
博客來,59,披著狼皮的羊公主 1
博客來,60,賣瓜的人【文壇年度耀眼新星】
博客來,61,奧德賽（暢銷80年英譯全本，不朽中譯珍藏經典）
博客來,62,鬼滅之刃 20 (特裝版)
博客來,63,2.5次元的誘惑(21)
博客來,64,海桐花 一葉+二葉 同捆版
博客來,65,演算法：馬斯克演算法5步驟，推動特斯拉與SpaceX爆發式成長的祕密
博客來,66,新式型態學2.0　全方位實戰獲利系統：全商品、多週期、跨市場，多空皆贏的專屬攻略
博客來,67,未來1000天：你現在的努力，有多少會在AI時代失效？37 位實踐者寫給你的應對指南 (隨書珍藏〈1000天導航圖〉拉頁)
博客來,68,全新！新制多益TOEIC題庫解析：狠準 6 回聽力＋閱讀模擬試題，完全反映最新命題趨勢、全方位建立新制多益實戰能力！（附雙書裝＋2 MP3光碟＋音檔下載QR碼）
博客來,69,一騎當千 愛藏版 (首刷限定版) 4
博客來,70,關於我在無意間被隔壁的天使變成廢柴這件事 (首刷限定版) 12
博客來,71,喚醒內在的觀音：不跟痛苦糾纏，自在安心的歸零練習
博客來,72,敗北女角太多了！ IMIGI MURU ART WORKS (首刷限定版) 全
博客來,73,學生會也有洞！ 11
博客來,74,全新制20次多益滿分的怪物講師TOEIC多益單字+文法【隨身版】(附文法教學影片+「Youtor App」內含VRP虛擬點讀筆+防水書套)
博客來,75,關於我轉生變成史萊姆這檔事 (23)（完）
博客來,76,膽大黨漫迷手冊 全
博客來,77,我可能錯了：森林智者的最後一堂人生課
博客來,78,北歐時間：世界第一幸福國度教會我的事
博客來,79,青春之箱 (首刷限定版) 25
博客來,80,與妳相戀到生命盡頭 1
博客來,81,醫生壞掉以後：急診醫師的中風自救處方，6個月重啟人生的高效復能日記
博客來,82,去家庭餐廳吧。 下
博客來,83,我買下了與她的每週密會 (8) ～在一個屋簷下，屬於兩人的祕密～
博客來,84,被討厭的勇氣：自我啟發之父「阿德勒」的教導
博客來,85,槓桿ETF投資法：用50正2輕鬆打敗0050＆0056，提早退休
博客來,86,惡意【獨步20週年紀念版】
博客來,87,教室裡的農民曆：用正老師的四季帶班日常
博客來,88,百瀨同學的初戀破綻百出。 (首刷限定版) 5
博客來,89,蛤蟆先生去看心理師（暢銷300萬冊！英國心理諮商經典，附《蛤蟆先生勇氣藏書卡》組）
博客來,90,以祕密為前提的我們(02)特典版
博客來,91,4%法則：讓錢活得比你久的提領金律
博客來,92,與妳相戀到生命盡頭 7
博客來,93,長期買進：財金教授周冠男的42堂自制力投資課
博客來,94,夢與戀情難以平衡 首刷限定版
博客來,95,北投女巫 【1～3特裝版】
博客來,96,薰香花朵凛然綻放 (首刷限定版) 20
博客來,97,愛意滿溢讓我忍不住啦overflow 上【限】
博客來,98,86─不存在的戰區─(Ep.14) ─Paint it black─
博客來,99,愛意滿溢讓我忍不住啦overflow 下【限】
博客來,100,阿甘投資法：執行篇：不看盤、不選股、不挑買點，你致富的戰術手冊
